{"elements":[ {"type": "line", "dot-style":{"type": "dot", "dot-size": 3, "colour":"#DFC329"}, "width":3, "colour": "DFC329", "text":"model", "font-size":10, "values": [0.000000, 0.000562, 0.002118, 0.004449, 0.007341, 0.010604, 0.014081, 0.017648, 0.021208, 0.024688, 0.028029, 0.031182, 0.034101, 0.036746, 0.039075, 0.041047, 0.042623, 0.043766, 0.044448, 0.044645, 0.044350, 0.043564, 0.042308, 0.040617, 0.038540, 0.036139, 0.033488, 0.030666, 0.027751, 0.024822, 0.021949, 0.019193, 0.016604, 0.014216, 0.012054, 0.010127, 0.008437, 0.006975, 0.005728, 0.004675, 0.003797, 0.003071, 0.002477, 0.001994, 0.001603, 0.001290, 0.001039, 0.000838, 0.000679, 0.000553, 0.000452, 0.000372, 0.000309, 0.000258, 0.000218, 0.000185, 0.000160, 0.000139, 0.000122, 0.000109, 0.000098, 0.000089, 0.000082, 0.000077, 0.000073, 0.000069, 0.000067, 0.000066, 0.000065, 0.000065, 0.000066, 0.000067, 0.000069, 0.000071, 0.000074, 0.000077, 0.000082, 0.000086, 0.000092, 0.000099, 0.000106, 0.000114, 0.000124, 0.000134, 0.000147, 0.000162, 0.000179, 0.000199, 0.000224, 0.000255, 0.000294, 0.000344, 0.000409, 0.000492, 0.000601, 0.000740, 0.000902, 0.001051, 0.001065, 0.000678] } ] ,"y_axis":{"min":0.000000, "max":0.044645} ,"x_axis":{"min":0, "max":100, "steps":10, "labels":{"labels":["0.0","1.0","2.0","3.0","4.0","5.0","6.0","7.0","8.0","9.0","10.0","11.0","12.0","13.0","14.0","15.0","16.0","17.0","18.0","19.0","20.0","21.0","22.0","23.0","24.0","25.0","26.0","27.0","28.0","29.0","30.0","31.0","32.0","33.0","34.0","35.0","36.0","37.0","38.0","39.0","40.0","41.0","42.0","43.0","44.0","45.0","46.0","47.0","48.0","49.0","50.0","51.0","52.0","53.0","54.0","55.0","56.0","57.0","58.0","59.0","60.0","61.0","62.0","63.0","64.0","65.0","66.0","67.0","68.0","69.0","70.0","71.0","72.0","73.0","74.0","75.0","76.0","77.0","78.0","79.0","80.0","81.0","82.0","83.0","84.0","85.0","86.0","87.0","88.0","89.0","90.0","91.0","92.0","93.0","94.0","95.0","96.0","97.0","98.0","99.0"],"steps":10}} }
