{"elements":[ {"type": "line", "dot-style":{"type": "dot", "dot-size": 3, "colour":"#DFC329"}, "width":3, "colour": "DFC329", "text":"model", "font-size":10, "values": [20.761550, 20.669531, 20.388782, 19.907291, 19.222947, 18.438357, 17.951416, 17.916620, 17.884435, 17.624458, 17.109196, 16.403267, 15.734366, 15.330108, 14.976882, 14.400322, 13.672878, 13.453788, 13.714128, 13.862814, 13.864268, 13.832001, 13.777979, 13.612086, 13.266426, 12.788526, 12.433354, 12.398947, 12.457023, 12.429634, 12.368046, 12.379624, 12.458695, 12.511508, 12.478874, 12.352655, 12.142680, 11.851933, 11.476800, 11.047730, 10.713238, 10.672792, 10.832152, 10.948765, 10.914174, 10.746573, 10.605184, 10.722678, 11.000207, 11.234751, 11.304763] } ] ,"y_axis":{"min":9.605184, "max":21.761550} ,"x_axis":{"min":0, "max":51, "steps":5, "labels":{"labels":["0.0","0.01","0.02","0.03","0.04","0.05","0.06","0.07","0.08","0.09","0.1","0.11","0.12","0.13","0.14","0.15","0.16","0.17","0.18","0.19","0.2","0.21","0.22","0.23","0.24","0.25","0.26","0.27","0.28","0.29","0.3","0.31","0.32","0.33","0.34","0.35","0.36","0.37","0.38","0.39","0.4","0.41","0.42","0.43","0.44","0.45","0.46","0.47","0.48","0.49","0.5"],"steps":5}} }
